id,conteudo
manuscrito_teoria_e_filosofia_da_arquitetura,"""Teoria e filosofia da arquitetura é o nome desta cadeira, e os senhores (o vejo nos olhos da maioria) têm uma certa desconfiança a respeito dessas palavras.
Naturalmente esta cadeira poderia chamar: Prática profissional, Questões de método ou, ainda, O Sentido histórico da profissão de arquiteto, quer dizer, poderia ser denominada em termos mais modernos, mais atualizados, queríamos dizer, mais bonitos. Mas como as palavras teoria e filosofia ainda apontam (é uma crença do século passado) certos princípios e certas bases, na verdade práticas da profissão, vamos aceitar as duas palavras e vamos procurar esclarecer o sentido íntimo dessas duas palavras, para poder construir sobre elas a base firme sobre a qual trabalhar. Três meses é a duração de nosso curso, é tempo breve para a importação séria de um problema cujo fim é a profissão do arquiteto, quer dizer, a sua formação ética, moral, mas esmoas convencidos que três meses de trabalho claro, planificado, podem dar um resultado mais importante do que meses e meses sem trabalho e sem programa, abandonados ao acaso e à “não planificação”. É com esse espírito que peço a colaboração dos senhores, porque se um professor põe a própria experiência à disposição dos alunos, os alunos – com o interesse constante nessa experiência – provêm o professor duma necessidade contínua de autocrítica e é nesse sentido, somente nesse sentido que tem que se desenvolver o ensino universitário.
O que é teoria? Deixemos de lado (é preciso limitar os problemas) a definição idealista de teoria, que estabelece um círculo vicioso procurando definir “teoreticamente” a palavra “teoria” que seria uma forma teórica distinta da prática. Para nós, a teoria se identifica com a prática, sendo a prática demonstrada racional e necessária através da teoria e, por sua vez, a teoria realística e racional [demonstrada] através da sua prática.
Vamos esclarecer com um exemplo: caracteres distributivos dos edifícios é teoria, um estudo, vamos dizer, da visibilidade de uma sala de espetáculos, um teatro, por exemplo, implica uma teoria baseada no comprimento da sala, altura do palco, espaços entre as filas das cadeiras, relação entre o olho do espectador e a cabeça do espectador da frente, em relação ao centro de atenção situado no palco, e ainda e a altura e profundidade do palco e sua largura; na base dessa teoria serão individuados os raios visuais e consequentemente a curva e a reta inclinada da plateia; mas se teoria, que dizer, se o processo teórico estiver errado, a péssima inclinação da plateia sairá errada, a visibilidade do teatro será péssima e cada espectador, ao invés de olhar para o palco, olhará para a cabeça dos espectadores em sua frente (espero que entre os senhores não esteja nenhum idealista que queira demonstrar que, embora a teoria esteja certa, a inclinação da plateia pode sair errada; mas este é um problema de senso comum , e o senso comum responde que é culpa do arquiteto). Despimos assim a teoria de todo o aparato que o século XIX tinha colocado em cima dela, e assim, simples e despida, a teoria vem em nossa ajuda para a impostação dos problemas arquitetônicos, como sinônimo e identificação de prática planificada.
E a filosofia? Filósofo é um especialista, um técnico, como engenheiro ou um médico, mas mais próximo a cada homem, porque sua especialidade, é pensar, e cada homem pensa e somente alguns entre os homens são engenheiros ou médicos. Cada homem é nesse sentido filósofo, ao menos que não seja patologicamente idiota. Filosofia é então concepção de mundo passada a ser noma prática da vida, e o valor de uma filosofia pode ser deduzido na base da “eficiência” prática por essa conquistada, pela importância histórica, saindo das elucubrações individuais para entrar na vida. A filosofia duma época é então a história daquela época.
E a filosofia da arquitetura? (Estou apenas querendo interpretar o nome desta cadeira). Filosofia da arquitetura é evidentemente a história da arquitetura, quer dizer, as diferentes concepções da arquitetura no tempo. Despimos também a filosofia da arquitetura do seu preâmbulo acadêmico e na nossa frente ficou simples, acolhedora e amiga a “história”.
Armados de teoria (prática) e filosofia (história), vamos enfrentar nossos três meses de trabalho comum. Por história, esteja bem claro, não entendemos a “cristalização” da história, a história dos manuais e dos professores, mas a história em ato – a história do trabalho e da fadiga do homem. Olharemos para os diferentes períodos da história da arquitetura formulando as “perguntas” das quais as realizações dos diversos períodos arquitetônicos são as respostas.
Neste ponto temos que definir a personalidade do arquiteto: o arquiteto é um operário qualificado que conhece o seu ofício não só prática como teórica e historicamente, e tem precisa consciência que a sua humanidade não é fim em si mesma, mas se compõe, além da própria individualidade, dos outros homens e da natureza.
Nesse ponto, quero esclarecer que não somos contra a cultura, ao contrário, estamos ao máximo do lado da cultura, mas queremos esclarecer o significado dessa palavra; para nós a cultura no sentido cristalizado e amorfo da palavra não tem sentido. Nós somos por uma intensificação e extensão da cultura, mais precisa, e é condição absolutamente necessária limitar os problemas. Um conhecimento enciclopédico é hoje impossível – o que precisa fazer é iluminar, ter a percepção exata da existência dos problemas, e na limitação e no âmbito duma profissão, deixar abertas as possibilidades de aprofundar os memos quando necessário.
Na mesa-redonda de abril, que seguiu minhas conferências, entramos na discussão no âmbito do espaço kantiano. Eu precisei logo que o espaço do qual estava falando era o espaço de cada dia, o espaço; com isso não queria dizer que o espaço filosófico não tem que ser considerado, mas queria apenas delimitar o problemas para não cair na abstração metafísica. Bruno Zevi me escreveu a respeito de minhas conferências sobre o espaço na arquitetura, frisando que aconselhar os alunos à consideração e à reflexão pessoal, segundo os problemas do próprio país, é uma tomada de posição contra a cultura. Nós sabemos e respondemos que não, que a capacidade de circunscrever, de conter os problemas é uma necessidade para não cair no verbalismo inteligente duma cultura que caminha para, ou já alcançou, o bizantinismo.
Um arquiteto não precisa ter nascido em determinado país ou pertencer a determinada raça para satisfazer as necessidades específicas duma região. Todos sabem que o Imperial Hotel construído em 1916 em Tóquio por Frank Lloyd Wright resistiu ao tremor da terra melhor que as construções japonesas. Isto quer dizer que nao queremos aconselhar aos novos arquitetos o regionalismo, no velho sentido nacional, político e retórico. Depois do racionalismo, a arquitetura moderna retoma contato com o que de vital, primário, anticristalizado existe no homem, e estes fatores são ligados aos diferentes países, e o verdadeiro arquiteto moderno pode resolver, quando chamado, as realidades de qualquer país, [...] chegar àquela compreensão e formulação dessas realidades que às vezes os próprios arquitetos que ali nasceram não alcançaram. É o caso de Le Corbusier na Índia e é nesse sentido que nós aconselhamos a observação e o estudo das realidades do próprio país contra a abstração cristalizada. Isso não quer dizer que seja preciso se inspirar no passado, longe de nós! O passado não se repete, e resolver os problemas do presente com os meios das épocas passadas é um anacronismo.
Um anacronismo é também se inspirar na pura técnica como valor expressivo; a técnica não possui valores expressivos em si mesma, mas apenas na eficiência do seu emprego. Quando a única virtude da técnica é o seu aspecto, a sua aparência, cai-se na decoração; é o caso duma parte da arquitetura moderna italiana, especialmente a do norte da Itália; a novidade pela novidade, o estranho pelo estranho podem preencher os olhos mas não a inteligência nem o coração; não adianta competir com a bomba H ou com os aviões a jato; a ciência será sempre mais eficiente e coerente e todo nosso arrojo poderá somente chegar a conquistar o “complexo de engenheiro”. O que temos que fazer é procurar entender o homem de hoje, eletrificado, mecanizado, mortificado pelo progresso que ele criou mas ainda não pode compreender e acompanhar na sua significação. Procurar entendê-lo sem aceitar passivamente de fatores externos e preestabelecidos o marco da nossa personalidade; não estamos por isso contra a cultura, ao contrário.
Para atirar longe de nós o complexo do arquiteto individualista, criador quase que exclusivamente de formas bonitas, quero mostrar aos senhores uma série de casas populares de antes da guerra; cozinhas, quartos, soluções mínimas. É um problema que ocupou a consciência dos arquitetos do início do movimento moderno e é uma herança que temos que recolher e guardar, saindo, como disse, das elucubrações dos arquitetos “criadores de formas bonitas” (nem sempre) que constrangem a imagem do homem Às formas (digo formas, não criações) do próprio individualismo egoísta, ao invés de compreendê-lo e acompanhá-lo com a ajuda de sua eficiência humana, técnica e, naturalmente, artística.
Assim, temos estabelecida uma base de trabalho, nós estudaremos as produções estrangeiras modernas e do passado, tomando como base o nosso mundo e o nosso ambiente e sempre teremos como norma a convicção que é mais importante que muitos homens sejam convencidos da bondade e beleza duma solução honesta de arquitetura, seja uma casa, um traçado dum bairro, um edifício público, do que o achado por parte de um gênio, de formas novas que fiquem patrimônio de um pequeno grupo de satélites intelectuais da arquitetura."""
tp_dn1_cultura_e_nao_cultura,"""A cultura está relegada aos livros que pouca gente lê; da cultura destacaram-se as regras de vida a ela intimamente ligadas. Ao intelectual possuidor de uma eloquência estéril e cavilosa, que tudo critica e tudo justifica, se contrapõe ao leitor de “Seleções” que procura uma norma, uma clarificação em resumos superficiais, ou o abandonado ao acaso da vida. Um criticismo cosmopolita superficial, com finalidade de si próprio, tomou o lugar da cultura útil ao homem, substituindo-a por uma pseudo-cultura, que faz brilhar através de uma luz refletida somente o literato erudito. A solução dos problemas reais dos diversos países foi substituida por uma panacéia universal distribuída com incredulidade e indiferença. A linguagem especializada filosófica ou crítica disfarça o vazio ou a ausência de pensamento e, apesar de que a falta de uma cultura útil seja aceita, êsse problema continua sendo um problema. E a ciência em antecipação, sôbre as capacidades de contrôle humano dos problemas científicos, põe a interrogação do fim da humanidade.
Porque há um diagnóstico tão frio da doença da sociedade contemporânea não corresponde a uma efetiva capacidade de solução do problema? Porque á cultura abstrata, metafísica, cosmopolita não se substituem as diversas culturas capazes de resolver os problemas dos vários países que, reunidos, formem o grande concerto da cultura mundial? Por que ao literato não se substitui ainda o novo humanista, com bases técnicas, capazes de resolver e entender os problemas humanos? Entre o literato caviloso e eloquente, o critico de arte ou o poeta metafísico incompreensível, o cientista e o técnico isolado, está a massa dos homens que olha com desânimo os problemas da existência real, abandonados pela cultura.
Treze anos depois de Segunda Guerra Mundial, passada a ilusão de se poder mudar logo, por meio de uma imposição violenta, o estado de coisas que parecia anacrônico, na frente da ciência e da lúcida capacidade crítica, nós perguntamos ainda, como encontrar uma solução para que a maioria dos homens seja provida do mínimo necessário para viver, possua uma casa não ria em face de um quadro ou de uma escultura moderna, não proteste contra a música, a poesia, arquitetura, não demonstre a sua incompreensão em face da máquina, expressão da nossa época, servindo-se apenas dela como de uma necessidade imposta, zombar da figura do filósofo, sinônimo de isolamento e estravagância. Não falamos aqui da compreensão esnobe que aceita os problema sòmente porque são apenas fora do comum, posição da classe informada e a
par das coisas que não compreende, sòmente porque são “úteis á crônica social” A parte dos homens, assediada pelos problemas econômicos, não tem o tempo necessário para se dedicar a decifrar enigmas, cuja chave não possui; a outra parte, abaixo economicamente da média normal, não se pode preocupar com um problema que não está no raio de suas necessidades imediatas e do qual não suspeita da existência. Essa parte da humanidade, levada pelas necessidades, a resolver por si mesma o próprio problema existencial e não possuindo esta pseudo-cultura, tem a fôrça necessária ao desenvolvimento de uma nova e verdadeira cultura.
Esta força latente existe em alto grau no Brasil, onde uma forma primordial de civilização primitiva, (não no sentido de ingênua, e sim composta de elementos essenciais, reais e concretos), coincide com as formas mais avançadas do pensamento moderno. Empresa extremamente delicada é a imersão nesta corrente profunda e vital das capacidades críticas e históricas contemporâneas, sem as quais não pode existir desenvolvimento coerente e moderno de uma civilização. Importante é não impor violentamente o problema histórico-crítico, mas apenas aceitar as realidades existentes, levando em conta todas as correntes, inclusive as espúrias, modificando-lhe e aceitando-lhe, gradativamente, conduzindo uma ação política efetiva, tomando conhecimento que a falência dos esforços precedentes foi devida ás posições de vanguarda ou “igrejinhas” que excluindo a realidade existente, combatia na abstração, obtendo por consequências medíocres resultados.
Salvaguardar ao máximo as forças genuinas do país, procurando ao mesmo tempo estar ao corrente do desenvolvimento internacional, será a base da nova ação cultural, procurando, acima de tudo, não diminuir ou elementarizar os problemas. apresentando-os ao povo como um alimento insosso e desvitalizado, não eliminar uma linguagem que é especializada e difícil masque existe, interpretar e avaliar estas corrente e sobretudo será útil lembrar as palavras de um filósofo da praxe “não se curvem ao falar com as massas senhores intelectuais, endireitem as costas”."""
ob_dn1_olho_sobre_a_bahia,"Planificar, sanear, antes que a especulação imobiliária, fantasiada de filantropia, transforme as casas humildes, as ruas, as praças, o ambiente onde se desenvolve uma vida pobre, mas rica de fermentos vivos, de realidades pulsantes, em uma massa amorfa, mortificada e mortificante, o que obriga uma humanidade desvirilizada pela imcompetência, pela subcultura, pelo desconhecimento dos valores humanos, a esquecer a si mesma, no desânimo de uma realidade fictícia, imposta por pseudos técnicos, pseudos urbanistas, pseudo arquitetos.
Arquitetos, urbanistas, precisamos defender-nos da invasão do Qualquer. Precisamos impedir que os valores da cultura sejam destruídos pela indiferença à Humanidade, à História, à Tradição. Na Cultura, na Tradição e na História e tambem na Arte, incluimos a igreja colonial e o barrôco, a casa-grande de origem portuguêsa, os azulejos, as pequenas casas de fim de século, pintadas em côres vivas com decorações de estuque prateado e colorido. Acreditamos nos técnicos. nos urbanistas, nos arquitetos, mas é dever fundamental dos técnicos, dos urbanistas. dos arquitetos, estudar e compreender, no seu profundo sentido espiritual, aqui o que se poderia chamar a alma de uma cidade; sem essas premissas, uma planificação, um plano de urbanização serão um esforço estéril e pior uma colaboração com o rôlo compressor da especulação.
As necessidades humanas, começam onde acabam a limpeza, a ordem, o mínimo necessário a que todos têm direito. Lutar, assegurar êste mínimo necessário, é problema urgente. Êste mínimo é representado pela Casa, mas precisa necessàriamente salvaguardar o patrimônio espiritual do povo que não é a chamada “côr local”, mas a essência mesma da cultura, da dignidade de um país, de um povo, representado pelo conjunto de seus hábitos e de suas tradições, estritamente ligadas ao desenvolvimento moderno e atual da vida."""""
av_dn1_documentos,"""Reviver o passado bahiano através das velhas fotografias, esmaecidas pelo tempo, em que se vejam os rostos de outrora, vestes, os costumes, as posturas, em que se saliente e se evoque uma época, em que se vejam as ruas e os logradouros ainda não tocados pelas mãos dos reformadores, dos tecnicos, dos inimigos da tradição, portanto os inimigos da cidade. Que mundo de sugestões não cria esta bela morena bahiana, do princípio do século XX, nesta foto tirada no Gonçalves, um dos retratistas da época! Não teriam sido os sapatos austríacos, comprados na Loja do Sol e as luvas de pelica na Casa Sá Pereira? Os espartilhos no Escroeder, na rua dos Ourives? Não teria ido assim tão belamente vestida ao Recreio Fratelli Vita, á Calçada do Bonfim, ver os filmes suecas de tanto sucesso? Ou comprado suas fitas, seus adereços no Escritório de miudesas, á Praça do Comércio, pertencente a Guilherme de Carvalho? Evoca a velha Bahia de uns cinquenta anos passados tão alterada, mas não na beleza das morenas encantadoras como a moça do retrato.
Pedimos aos nossos leitores que nos remeta para o “Diário de Notícias” , rua Carlos Gomes, 57, por empréstimo as velhas fotos para que possam levantar, em nossas páginas, um passado que ainda não morreu de tôdo e que tanto pode servir para manter um presente vivo e um futuro melhor."""
tp_dn2_arquitetura_ou_arquitetura,"""O depoimento auto-crítico do arquiteto Oscar Niemeyer, publicado no número 9 (volume segundo), da revista “Modulo”, deu lugar a várias controvérsias, mas, pelo público interessado, quer dizer pelos arquitetos, tem sido interpretada como uma “confissão”, uma espécie de “mea culpa” arquitetônica.
Mas o que diz em seu depoimento o arquiteto Oscar Niemeyer? O que êle diz é o seguinte, praticamente: - “Depois que eu voltei da Europa muito mudou minha atitude profissional. Até áquela época estava desanimado, pela convicção de que a arquitetura exercida num meio em que imperava a injustiça social fosse uma atividade transitória, impossibilitada de resolver os problemas do povo. Assim, combatido, comparava a profissão com espírito esportivo, com negligência, aceitando trabalho em demasia, confiando na minha capacidade de improvisação, satisfazendo os caprichos da classe mais favorecida, que requeria repercussão e realce”. – E o depoimento continua, anunciando a superação dessa crise moral arquitetônica e o propósito de recusar qualquer trabalho comercial, de se dedicar, exclusivamente, a obras importantes, como, por exemplo, os edifícios governamentais de Brasília, projetando por encargo do Presidente da República.
Por essas obras, o arquiteto Niemeyer está procurando soluções compactas e geométricas, simples e elementares, á realização das quais se dedica com extremo cuidado. O depoimento acaba, citando como “a própria essência da arquitetura, a antiga definição de Le Corbusier: “l’arquiteture est le jeu, savant, correct e magnifique des volumes, assemblés sous la lumiére”, e confirmando que o fim de sua obra será de comunicar “um pouco de beleza e emoção”.
Mas o que é arquitetura, senão o meio mais eficaz para combater com o exemplo a mesma injustiça social que obrigou o arquiteto Niemeyer a contribuir e alimentar (dada a sua popularidade e ascendência sôbre a juventude), no campo da arquitetura, aquela mesma injustiça que tanto o feria? Não é o arquiteto moderno construtor de cidades, bairros e casas populares, um combatente ativo, no campo da justiça social? O que criar no espírito firme e convencido a dúvida moral, a consciência da injustiça humana, senão o sentimento agudo de responsabilidade coletiva e, em consequência, uma posição de luta para a consecução de um fim positivo, moralmente positivo?
A posição de revolta do arquiteto Niemeyer, ao fazer o contrário daquilo que êle teria podido fazer, enfrentar a especulação imobiliária para servir-se dela como uma arma, contra a própria especulação (a sua celebridade o teria permitido), é uma posição de artista desligado de problemas sociais, uma posição de “l’art pour l’art”, esta posição é reafirmada hoje pelo seu depoimento que põe como base da arquitetura moderna a já citada definição de Le Corbusier pelo mesmo, aliás, hoje superada. Onde está o humano no depoimento de Oscar Niemeyer?
Sufocado pelas formas, pelas composições, pela evocação de praças monumentais européias, obras de gênios ao serviço dos Papas e dos Grandes da humanidade, testemunhas dum tempo desaparecido para sempre.
A injustiça social existe, mas os problemas não se resolvem, passand o sôbre êle e esquecendo-os. Ao Museu de Caracas, aos edifícios de Brasília, definidos pelo mesmo Niemeyer, como de uma concepção, de uma pureza irrecusáveis, nós preferimos a Igreja da Pampulha, a casinha de Vassouras que se impuseram á atenção internacional, pela simplicidade, a proporção humana, o sentimento modesto e poético da vida que denunciava aquela mesma condição de desânimo, o combate entre o homem social e a arquitetura, que Oscar Niemeyer no seu depoimento afirma ter superado, indicando como fim arquitetônico uma posição formal que nega todos os valores humanos e tôdas conquistas da arquitetura nacional.
-ARQ. [como alguém que assina o artigo]"""
ob_dn2_olho_sobre_a_bahia,"""É uma rua de Cachoeira, mas igual a tantas outras ruas desta Cidade do Salvador e Cachoeira é ainda Salvador e uma cidade não é nenhum compartimento estanque, ramifica-se, cresce. cria galhos, folhas e raízes e devagar sai dos confins e torna-se adulta como qualquer organismo vivente. O arquiteto planificador tem que basear o. seu projeto sobre este desenvolvimento natural das formas arquitetônicas, urbanisticas, criadas pela necessidade da vida cotidiana. O projetista que olha as revistas de arquitetura, sentado na prancheta e não tem olhos para a realidade, será um criador de edifícios e cidades abstratas, projetadas para uma humanidade que existe somente na sua fantasia e os homens reais obrigados a habitar casas e cidades nas quais serão estrangeiros, as abandonarão ou serão transformados numa humanidade amorfa, sem desejos e sem personalidade. O arquiteto de hoje mesmo se fôr um bom arquiteto obterá os mesmos resultados das obtidas pela especulação imobiliária: a ausencia de características ou nada. A significação intima da vida de uma cidade é sempre moderna enquanto atual. Ao arquiteto compete estudá-la e compreendê-la e traduzi-la em formas modernas e eficientes. O homem, a mulher que passa nesta rua, têm os seus determinados problemas materiais e espirituais. A propria casa e os proprios habitos, e o arquiteto moderno expressão máxima de responsabilidade social, enquanto construtor de obras públicas, terrenos e capitais publicos, quer dizer de obras expostas ao julgamento e á vista de todos, tem que pôr na base de sua propria projeção não o individualismo formalistico, mas a consciencia de ser útil aos homens, por meio de sua arte e de sua experiência. Esta é a verdadeira significação da arquitetura de hoje."""
tp_dn3_inatualidade_da_cultura,"""Um telegrama lacônico transmitiu ao público que, domingo passado, o Convento do Carmo do Rio de Janeiro era destruido pelo fogo, inclusive a sua preciosa biblioteca de dez mil volumes. O comunicado foi publicado nos vespertinos, modestamente, ao lado das grandes manchetes relativas aos fatos internacionais, aos acontecimentos políticos e ao noticiário policial.
Porque a um suicídio, um desastre, uma declaração política se dá tanto relevo enquanto assunto de cultura é relegado a plano secundário, ou mesmo não mencionado?
Por que então a imprensa não se ocupa, com mais assiduidade dos problemas de arquitetura, da arte, de todas as artes? Não é a construção de um Mercado, um Teatro, uma Escola, um acontecimento público de interêsse geral imediato? Um projeto de arquitetura divulgado em tempo útil, nos seus detalhes técnicos, plantas, cortes, poderia provocar discussões e polêmicas construtivas e muito danos poderiam ser evitados. Poder-se-ia objetar que falta no público a consciência crítica e a capacidade de julgamento, mas esta consciência crítica necessita ser criada e alimentada, e até que os problemas de cultura sejam relegados na terceira página e nos suplementos especiais e não entrosados no noticiário cotidiano, de público intêresse, a maioria dos leitores continuará ignorando êstes problemas. A civilização moderna ainda não utilizou êste meio poderoso: a propaganda, para os fins desinteressados da cultura, em favor das grandes questões culturas: a construção de um Edifício de uso coletivo, as grandes
Exposições de Artes Plásticas, os Congressos, os Espetáculos, continuam sendo monopólio dos poucos eleitos e a massa está excluída e continua na ignorância a respeito da arte.
O Convento do Carmo do Rio de Janeiro está destruído com sua biblioteca. Um novo lacônico telegrama diz dois dias depois que será construído um novo convento moderno, munido de elevadores para substituir o velho edifício. Nesse adjetivo velho, usado, ao invés de antigo, está tôda crise de nossa época: o cheiro de mofo da cultura abandonada a si mesma, do antigo não querido e não revivido mas sim mumificado e esquecido. Quem construirá o novo convento do Carmo? Quem será o arquiteto? Quando surgir a nova construção, sob a indiferença geral, o público poderá ver no lugar da antiga, uma arquitetura sem época, anônima, e ao observador saudoso do antigo edifício e consciente de uma ocasião perdida para uma construção verdadeiramente moderna, será talvez a única consolação aquilo que já havia chamado a atenção do repórter quando anunciou a nova construção: “O Convento do Carmo e sua biblioteca foram destruidos; em seu lugar teremos um prédio novo com elevadores”."""
ob_dn3_olho_sobre_a_bahia,"""Engenho São José da Vila de São Francisco. A conservação de um monumento antigo não significa a conservação de uma vitrina de museu, mas a integração do antigo na vida de hoje. Neste sentido, um edifício não tem que ser isolado, monumentalizado, ao contrário tem que ser humanizado. A conservação do antigo é um problema paralelo à da conservação das tradições populares, que não podem ser confundidas com o folclore. Este é a aparência estereotipada da corrente profunda da cultura popular sôbre cujas bases é que se funda a grande cultura, ao passo que a superficialidade cosmopolita, a imitação superficial de formas não assimiladas, é o caráter da pequena cultura, a cultura do intelectual provinciano. A integração do antigo na vida de hoje e a valorização cuidada das correntes autênticamente populares, separadas do folclore barato, são os problemas fundamentais do homem moderno. Problema crítico que não pode mais ser ignorado."""
av_dn3_documentos,"""Prontos e garbosos para seguir para a guerra, a foto para os entes queridos. O Paraguai é longe, a luta dificil mas a mocidade está pronta para defender a Pátria. E o fotógrafo, a grande novidade chegada a capital, capricha a fim de que os moços fiquem satisfeitos. Nas suas fardas passaram nas residências de suas famílias, com a bela farda foram visitar as namoradas e as noivas e de certo seguirão para o Sul, no próximo embarque, no batalhão apetrechado. Voltarão ou não voltarão? Se ficam nos campos de batalhas, a foto inesquecível reviverá suas fisionomias, seu patronismo, sua mocidade. E tantos anos depois surgem nas páginas de um jornal."""
av_dn3_exposicao_didatica_da_escola_de_teatro,"""A Escola de Teatro da Universidade de Bahia apresenta por iniciativa do Diretor Martim Gonçalves, uma pequena exposição didática de cartazes francêses, de postais e de folhêtos brasileiros, que será inaugurada no dia da estréia da peça de Tchekov, “As Três Irmãs”, terçafeira, dia 23, e poderá ser visitada cada dia das 14 às 16 horas.
Qual o sentido desta exposição? Não apenas de uma exposição de Arte Gráfica ou de uma coleção engraçada. Poderíamos chamá-la de Exposição de Costume, entendendo com esta expressão o “momento histórico”, correspondente a um certo povo, a uma determinada época e civilização. Não é por acaso que nesta exposição, um cartaz de Picasso foi colocado ao lado de um do Circo Medrano e dos anúncios populares de corridas de touros espanholas.
A arte pode ser julgada criticamente nos resultados, mas para comprendê-la, e julgá-la, precisa-se estudar as suas fontes e as suas origens profundas; e quem mais de que uma escola de teatro tem a obrigação de documentar êstes “momentos” que são a vida, a mesma vida que o teatro pretende apresentar e comunicar na sua mais legítima significação? Reviver e atualizar o momento do passado na sua verdadeira essência implica uma pesquisa na “alma” daquêle passado, na sua realidade viva e esta realidade encontra-se nos documentos chegados até os nossos dias; não sòmente nos documentos de arte e históricos como também nos detalhes aparentemente insignificantes: um recorte de tecido, uma jóia, um impresso, um postal, um bilhete de trem, uma carta, uma fotografia Eis o sentido desta pequena exposição: um convite a recolher com diligência, a meditar com seriedade sôbre as coisas, a acostumar-se a “não jogar fora” a não destruir sem pensar, aquilo que poderá ser um dia o meio para compreender nosso
tempo.
É um convite à conservação daquilo que nos resta do passado, mesmo se fôr um humilde documento, para melhor compreender o sentido daquele passado. Essa exposição é o primeiro passo para um Museu do Costume, o Museu do Teatro, ponto de saída, para a Escola, de qualquer pesquisa humana.
E em frente aos cartazes do Mtdrano, os visitantes lembrarão o que o Circo representou no Movimento Moderno: os Cavalos, as Bailarinas, os Palhaços, os animais exóticos, os uniformes e os bigodes dos domadores; lembrarão Picasso, de Fernande Olivier e Rousseau, le Douanier, com o velho violino e o ar de povo endomingado de sua pintura. Voltarão Montmartre e Montparnasse e Max Jacob:
Un chat! un chat! au chat! non c’est une
Femme encapuchonnée, peutêtre mon âme...
e Appolinaire
As fu pris la pièce de dix sous
Je l’ai prise
E na frente do grande cartaz de Puerto de Santa Maria, do anúncio daquêle “Grande acontecimento 1926” e dos postais bordados, costurados, enfeitados, lembrarão:
en las esquinas grupos de silencio
a las cinco de la tarde,
!Y el toro solo corazón arriba!
a las cinco de la tarde.
Cuando el sudor de nieve fué llegando
a las cinco de la tarde,
cuando la plaza se cubrió de yodo
a las cinco de la tarde,
la muerte puso huevos en la herida
a las cinco de la tarde.
A las cinco de la tarde,
A las cinco en punto de la tarde.
Delicado e trágico, Garcia Lorca.
L. B."""
tp_dn4_a_escola_e_a_vida,"""A União Brasileira de Escritores denunciou aquilo que definiu como um atentado á cultura, á liberdade democrática e á liberdade de pensamento, por parte de uma comissão de “censura”, nomeada pelo diretor da Faculdade de Filosofia da Universidade do Paraná e que teria eliminado da biblioteca daquela escola alguns autores julgados nocivos á juventude, entre os quais Sartre, Eça de Queiroz, e Jorge Amado e a obra do educador Anísio Teixeira.
Este ato, superando os limites das liberdades e da democracia, justamente denunciado pela União Brasileira dos Escritores, atinge um problema bem mais grave e urgente: o da Escola, fundamento da constituição de uma Nação formada por cidadãos responsáveis, verdadeiros colaboradores, criadores da vida democrática do País e não crentes desinteressados num Estado abstrato que pensa e resolve por eles. Esta consciencia, este espirito coletivo de colaboração tem que existir desde a escola, que deveria opor a regra, que é a mesma da sociedade “cada um por si” á regra “um por todos e todos por um”. A igualdade de todos os cidadões em face a instrução, a obrigação de uma educação igual para todos até o ponto crucial da escolha da profissão, seja intelectual ou manual, é a tarefa do Estado democrático, expressão viva da coletividade. A função do professor é essencial e responsavel do grau de civilização de uma nação. A formação de um corpo de educadores, conscio das proprias responsabilidades, acostumado ao trabalho de equipe, em luta rigorosa contra o diletantismo, à improvisação, à solução dos problemas por meio da “oratória” e “declamação”; tem que ser a base da nova escola.
A escola é a cultura de um país: a escola que se tornou a antitese da vida tem que ser a propria vida. Entre a escola e a vida não pode haver solução de continuidade. Sobre uma escola obrigatória, igual para todos que vá até os limites da especialisação, que seja preparo à vida, criando o costume da auto-disciplina intelectual e da autonomia moral, e em que se baseia a esperança do novo humanismo.
Uma escola da coletividade, quer dizer do Estado, que proporcione a todos, indistintamente, o método criador pela ciência e pela vida, método cuja comunicação seja monopólio da Escola e não do acaso da vida prática.
Este é o sentido mais profundo do atentado da Universidade do Paraná. Um atentado à escola, à liberdade da escola: liberdade sem a qual, a Escola não poderá se organisar na forma que uma nação democratica requer, forma que a escola anciosamente procura, e poderá ser retardada mas não impedida.
Foto: Vista da seção masculina da Escola Carneiro Ribeiro (arquitetura de Diogenes Rebouças) que deu solução ao problema básico do trabalho coletivo dos alunos projetando um grande ambiente unico que somente os moveis dividem idealmente as diversas seções. Anísio Teixeira, organizador tecnico do tipo da escola, realisou, nesto obra, o ideal do trabalho coletivo, como preparação espiritual, eliminando desde o começo os complexos individualistas."""
ob_dn4_olho_sobre_a_bahia,"""Não é Salvador. É uma daquelas cidades que poderiamos, chamar depois do famoso filme americano, “Jungle do Asfalto”. Uma jungle onde as grandes arvores foram substituídas pêlas colunas de concretos armados, a vegetação entrelaçada, pelo emaranhado das paredes, dos telhados o cipó pela confusão dos fios, cabos, tubos; o tapête de folhas pelo asfalto quente que agarra aos pés. E tudo duro cinzento, igual, sem uma presença vegetal, sem céu, tudo aquecido, aferventado, humido, sujo e molhado: Jungle de Asfalto. A cidade construida pela especulação, cidade sem amor e sem esperança, onde os homens se acostumam á solidão e á indiferença, onde esquecem de ser homens. Fria prisão do espirito que olha aviltado, dentre as grades de concreto de uma janela o esqualido panorama. Todavia, esta cidade, a cidade da época industrial, foi cantada pelos poetas que a pressentiram no futuro da fantasia, polida e cintilante, com seus ritmo mecanico, as suas pontes e as suas estruturas mas e puras, as suas fábricas, as
suas oficinas, as suas casas, as suas máquinas que deveriam libertar os homens da escravidão das castas, para fazê-los todos iguais.
Não é Salvador. É uma cidade que até poucos anos atrás tinha pequenas casas de bairros e de estuque, como hoje Salvador, grandes arvores sobreviventes nas velhas casas senhoriais pequenos jardim atrás de muros. Cidade modesta, insuficiente, provinciana, cidade menina que deveria cresces, cidade atrasada, mas cidade de homens, casas de homens, contrlada pelos homens. E, de repente sem planos, sem contrôl, a cidade cresceu, extravazou, e como uma doença misteriosa, fugiu ao contrôle humano, dirigida pela abstração financeira. E a cidade moderna, preconissada, niveladora das classes humanas, transformou-se na cidade das castas e os homens-homens fugiram á periferia, mais perto dos campos e das arvores, mesmo se um pouco sujos, como são os dos arrabaldes. A grande cidade cantada pela fantasia dos poetas é hoje sinônino de dura negação de vida, retórica dos especuladores que glorificam a sua grandêsa e o seu progresso, que aviltam os homens, na negação de tudo o que é necessário ao homem para viver. Falsa retórica que repugna a quem tenha o sentido de responsabilidade coletiva não seja conivente de interesses financeiros ou se sinta satisfeito com uma falsa
literatura.
Não é Salvador, mas o poderia ser."""
av_dn4_documentos,"""Reunião de Mestres
Em 1882, reuniu-se o Congresso de Pedagogia, em Buenos Aires. Austeros professores vieram de várias partes da América. Sisudos senhores, mestres de gerações, entre êles Abilio Cesar Borges, que encheu a sua época como dos nomes mais gloriosos do ensino brasileiro. Abilio Cesar Borges era não sômente o mestre, mas o terror de muito rapazinho sensível. Entre êles, Raul Pompéia, que viria caricaturar o professor em seu magnífico romance “O Ateneu”. Nesta fotografia, tirada durante o Congresso, está Abilio Cesar Borges, e vai publicada, por gentileza do Instituto Histórico da Bahia."""
tp_dn5_casas_ou_museus,"""Primeiro as Casas ou Museus? Tudo de uma só vez: as casas, as escolas, os museus, as bibliotecas. Uma planificação urbanística não pode prescindir dos problemas culturais se a construção de novos bairros, de novas casas, é a base do projeto de uma cidade (nas casas queremos incluir mercados, escolas, serviços coletivos, como saúde, correios, etc.) – o programa, ou melhor a planificação de uma cidade não pode esquecer dois edifícios públicos, que ainda hoje são considerados um luxo intelectual: o Museu e a Biblioteca.
Museu? O que é o Museo? Correntemente, quando se quer designar uma pessoa, uma coisa; uma idéia antiquada, inútil, fora de uso, costuma-se dizer: “é uma peça de museu”. Querendo indicar com estas palavras o lugar que, no quadro da cultura contemporânea, o museu ocupa lugar poeirento e inútil. Às vêzes, o museu é um mero palco para exercícios exibicionistas dos arquitetos que plojetam para a exposição das “peças”, vitrinas, aparelhamento tão complicados, que interferem com o seu decorativismo no caráter geral do que se chama “museografia”. Outras vêzes, o museu é o palco para os diletantes, senhoras à procura de uma ocupação, dedicando-se, nas horas vagas, à escultura, à pintura, ou à cerâmica e expõem suas obras no “Museu” em que geralmente está ausente o que lá deveria estar: o acervo verdadeiro de pintura e escultura. O museu moderno tem que ser um museu didático, tem que juntar à conservação a capacidade de transmitir a mensagem que as obras devem ser postas em
evidência que diriamos quase da função didática e as sobras devem ser postas em evidência, que diríamos quase modesta, por parte do arquiteto, que não deve aproveitar a ocasião para não dar espetáculo em tôrno de si, projetando, por exemplo, em volta de uma célebre escultura, como foi feito no caso de a “Pietá”, de Miguel Angelo, no Castello Sforzesco, uma espécie de monumento, batisado, imediatamente, pelo povo, de uma maneira pouco respeitosa, ou como aconteceu ma Exposição da Coleção Bestegui, em Paris, no Louvre, uma série de paredes de veludo vermelho e ouro, mais própria para um Jóquei Clube do que para um museu.
O complicado problema de um museu tem que ser hoje enfrentado na base “didática” e “técnica”. Não se pode prescindir dessas bases, para não cair em um museu petrificado, isto é, inteiramente inútil.
Podem ser de grande utilidade as experiências feitas nesse campo, por exemplo, o Museu de Arte de São Paulo. De fato, qual a significação de uma peça isolada, uma obra de arte, mesmo se exposta com a mais perfeita técnica museográfica, se esta obra é “fim em si mesma”, isolada no tempo e no espaço, sem nenhuma ligação com o nosso tempo, sem continuidade histórica? Os visitantes, especialmente os jovens, olharão, superficialmente os objetos, sem conseguir compreender a sua significação, a sua lição histórica, fornecedora dos meios para compreender o presente. As esculturas barrocas, os santos, as pratas, os azulejos, as pinturas, os altares, serão para os visitantes, meras curiosidades artísticas. Em têrmos, quais serão êsses meios didáticos? Evidentemente, comentários escritos, breves e sumarentos, acompanhados de fotografias com referências não “doutorais”, uma espécie de comentário inematográfico. Sómente, satisfazendo tais neessidades didáticas, o Museu poderá ocupar um lugar vital e ser dígno na gradação dos interesses humanos a ser satisfeitos logo, de aparecer juntamente com as Casas.
Tais considerações são de maior importância, estando a Bahia no ponto de criar, na iminência de realizar, o que poderá ser um dia, pela beleza e fascinação poética do edifício que o abrigará, pela importância das obras a serem nêle exposas, o Museu mais importante do país) Museu de Arte Sacra de Santa Teresa. Museu que deverá ter a sua impostação didática para ser um museu “verdadeiro”, vivo, e não um “museu” no sentido mais superado da palavra."""
ob_dn5_olho_sobre_a_bahia,"""Um leitor desta secção – “Ôlho sôbre a Bahia”, comentando o seu conteúdo, pergunta “por que sempre a arquitetura antiga, velhas casas, igrejas, janelas, portas? Então temos que conservar apenas, ficar batendo sobre coisas antigas, sem olhar para o futuro, o moderno pôsto de lado sempre e sempre?” Respondemos que o nosso não é nacionalismo arquitetônico, no sentido mesquinho de uma má política. Não é o amor à cor local, nos não queremos obrigar às pessoas que vivem em cortiços estèticamente interessantes e ficar nêles, só porque nêle não estamos morando e porque gostamos de passar em sua frente, de vez em quando. Nosso discurso é outro: valorizar, pensar, planificar e sanear e não se deixar tomar pela fúria demolidora e retórica. As mesmas que por exemplo, na miragem da “Grandeza Imperial”, levou os arquitetos e urbanistas do fascismo italiano a destruir, em Roma, a “Spina die Borghi”, um conjunto de pequenas casas e edifícios da Roma papal, que constituía o prelúdio à “Colonnatta” de S. Pedro de Bernini, que aparece hoje, pobre, crúa, acompanhada pelas esquálidas arquiteturas retórico-imperiais. O nosso discurso não quer dizer – conservar os cortiços, a sujeira, a côr local da Bahia, mas quer dizer: conservar a escala humana da Bahia, as suas proporções humanas, a anti-retórica dos seus edifícios, de suas praças, de suas ruas. Não esquecer o homem pela idéia o homem pela “Idéia”. Entre o demolir uma casa, uma rua, por necessidades urbanísticas, e a Sé Primacial para facilitar passar o bonde, há uma certa diferença."""
av_dn5_antologia,"""Está aí, numa maneira inteiramente fora do comum, um anúncio para alugar uma casa de veraneio: casa virgem, criando-se assim um capítulo não sômente imobiliário, mas possivelmente, arquitetônico, na história da psicanálise. Não percebeu certamente o anunciante que expunha ao mercado da oferta e da procura uma casa, no mesmo gênero em que nas histórias das Mi le Uma Noites, os mercadores expunham suas odalíscas mais preciosas e mais procuradas."""
tp_dn6_a_invasao,"""Um dos mais desoladores resultados dêsses tempos de amarguras e desilusões é a indiferença com a qual governantes, homens políticos, jornalistas, numa palavra, todos aquêles que formam o elemento condutor do país, consideram os problemas técnicos e científicos. Destinam-se verbas enormes a obras públicas esgotando as finanças nacionais, sem se perguntar se a obra e o fim corresponderão ao sacrifício feito pelo país, e se essas obras merecem realmente êsse sacrifício. Um dos problemas que angustiam o mundo, pela solução do qual o nosso país ainda não fêz um plano nacional, baseado sobre dados precisos é o das Casas Populares. As casas para todos.
Não é com a retórica que se resolvem os problemas; programas e discussões ficaram no estado de impostações vasias, sem o método rigoroso de relêvos sociais e sem uma rigorosa e ciêntífica planificação técnica.
Existe uma fundação da Casa Popular federal, mas quais são os resultados positivos? Quais as suas bases que não sejam a das exercitações esporádicas invés das técnicas efetivas? Chega com as improvisações filantrópicas, que ignoram os dados reais do problema. Chega de mentiras auto-consoladoras, e preconceitos criados únicamente para desencargo de consciência. Sôbre uma base de dados estatísticos em dia, sôbre uma série de argumentos sociais e humanos, há necessidade de ser implantado o plano nacional da Fundação das Casas Populares. E’urgente se pôr em evidência êste assunto e se não poderá ser um plano nacional, podrá ser algo mais modesto, provisório, mas como já dissemos, técnico e não filantrópico, não seja nenhuma Festa de Beneficiência do Exército da Salvação. A Casa Popular é um direito e não um presente. Ao Estado cabe o dever de resolver a situação, cancelando, em primeiro lugar, os mitos e os preconceitos, impostos pela iniciativa particular, pela especulação imobiliária e pelos que costumam consolar-se das injustiças, com auto-justificações, ao envés de enfrentar resolutamente os problemas. Precisa eliminar: o otimismo abstrato, o ceticismo pelos empreendimentos do Estado, a crença que as casas populares não resolverão os problemas das habitações para todos, a crença que é o próprio pobre que cria os cortiços, o costume de supervalorizar os próprios interêsses contra os interêsses da coletividade.
O problema das casas populares levanta problemas econômicos e sociais, de grande envergadura, interfere e atinge interêsses econômicos particulares. A impostação econômicosocial e científica tem que ser feita com o concurso de técnicos de tôda natureza, desde os sociólogos e arquitetos, até médicos e cientístas. Precisamos levantar o problema. Na Holanda desde o período entre as duas guerras mais de um sexto das famílias, de Amsterdam e Haia, viviam em casas pertencentes ao Estado. Na Suécia, um terço das casas foram, na mesma época, subvencionadas pelo govêrno. Depois da segunda guerra o problema foi vigorosamente enfrentado, pràtricamente na Europa inteira.
Em outros países as casas populares são destinadas à parte da população que possui orçamentos garantidos, mesmo mínimos, ao passo que, no Brasil, muitas pessoas que seriam beneficiadas não possuem rendimentos fixos e sim esporádicos e portanto, pràticamente nulos. Apresenta-se assim a necessidade de importar e estrutura econômica de uma grande parte da população, criar condições de trabalho com a eliminação do parasitismo e daquilo que se chama os “resíduos” da sociedade. A construção de novos bairros de casas populares poderia em parte concorrer para a solução do problema, empregando os futuros moradores na mão de obra da construção, estabelecendo assim uma disciplina de trabalho que poderá ser continuada, aplicada, depois, em outros locais.
A manutenção das casas, do terreno em redor e das próprias ruas, poderia ser confiada às diversas famílias, com um pagamento que seria descontada no preço da habitação.
Por meio de estudo cuidadoso, das soluções adotadas nos vários países, a avaliação exata das condições e das necessidades nacionais, poderia se chegar à colocação real do problema, senão no campo federal – (planificação nacional), – pelo menos, estadual.
Estamos na undécima hora para resolver o problema, que tem de ser resolvido com a condição de satisfazer um “direito” que não adianta ocultar com as desculpas que os pobres põem nas casas modernas as galinhas dentro das banheiras e os sapatos nas geladeiras. A “Invasão” tem que ser eliminada por meio de uma séria e honesta planificação e não com as tropas de choque."""
ob_dn6_olho_sobre_a_bahia,"""“Nestes últimos dias, vem se registrando uma série de “invasões”, por tôda a Capital. Os posseiros escolheram as terras e depois de terraplanarem o local, começaram a pôr os pésdireitos das casas. As fôrças policiais puseram em fuga os pretendentes”. Eis a notícia divulgada pelos jornais. Não é êste o local próprio para se discutir tècnicamente o assunto; mas transmitiu o repórter o sentido profundo dessa notícia? “A tôda velocidade rapazes, a todo pano, o mais rápido possível para que possamos nós fazermos nós as nossas próprias casas; mais depressa, mais, mais ainda, antes da chegada da Lei, da Polícia; se conseguirmos acabar já e já, êles acharão as casas feitas, e não terão a coragem de nos mandar embora. Nós, com as nossas camas, cadeiras, mulheres, e crianças. Se não trabalharmos firme, se não fizermos em tempo a nossa tarefa... A Polícia encontrou sómente os pés-direitos; e é muito mais fácil destruir um pé
direito do que uma casa já pronta. Mesmo se for uma casa de tábuas velhas e latas de querozene."""
av_dn6_qual_dos_dois_voce_escolheria,"""Se você for construir a sua casa, qual destas duas você escolheria? Faça o teste de sua cultura arquitetônica. Vire a página e achará o comentário sôbre a sua escolha.
Esta casa construída pelo arquiteto Frank Lloyd, é um dos exemplos mais importantes na arquitetura moderna. Se você a escolheu, acha-se no bom caminho.
Êste projeto de mansão estilo castelo-medieval (mas poderia ser também clássico com colunas), é um exemplo de péssima arquitetura. Se você a escolheu, estará no mau caminho da cultura arquitetônica. Você precisa assinar imediatamente uma revista de arquitetura moderna, frequentar como ouvinte, algumas aulas na Faculdade de Arquitetura e procurar um psiquiatra especialista em megalomania."""
tp_dn7_a_lua,"""Este é o ano das viagens no espaço sideral. O homem deixa a terra, o homem deseja ir à Lua. Não queremos fazer o elogio científico do nosso século, nem dizer, nem afirmar que começou uma nova éra, nem estamos maravilhados com as últimas descobertas. Indubitável que o homem progride, e se o progresso (de lado às polêmicas filosóficas) deu como resultado as guerras mundiais e a bomba H, não é a culpa do progresso em sí mas de quem a um certo momento o usou, deixando fugir das suas mãos o contrôle de uma situação. Este ano, concretizando as premissas de 1945 apresenta-nos um anacronismo que espanta, uma situação sem precedentes na história o homem domina mais e mais a natureza, conhece a estrutura da matéria e percorrerá os espaços siderais. Mas o homem de hoje ainda é “antigo” pensa à antiga, mexe-se à antiga e olha espantado com os olhos de milhares de anos atrás o resultado do seu trabalho: a possibilidade da auto-destruição, uma profunda cisão existe entre o progresso técnico científico e capacidade humana de pensar. Os satélites artificiais evoluem no espaço sideral e o homem se ocupa das pequenas bugigangas pessoais. O literato descreve as suas íntimas sensaç~ões, comunicand6 aos leitores ao escrever se suas mãos são quentes ou frias, suadas ou não. Os críticos degladiam-se e polemizam para dar a data precisa, ao minuto, ao segundo, de uma obra de arte. Os professôres discutem sôbre a interpretação de uma palavra em um texto clássico. Os filósofos compilam e recompilam a História da Filosofía (no sentido dos manuais). Os jornais se ocupam da política partidário e dos concursos de beleza O cinema com raras exceç~oes, valoriza os “colossos” e os filmes côr de rosa. A Escola é separada da vida. Nutrida pelos frangos de papelão dos jornais, a humanidade caminha, precipitadamente, para a falência, sem que seus líderes possam tomar as providências quando o contrôle não é mais seu e não adiantam os paliativos. O homem trabalhou e trabalha e o seu produto milenário virou, de repente, contra êle. A êste homem moderno, ainda culturalmente antigo, se opõem problemas que os superam.
A pressão de massas humanas, cujo problema existencial procura uma solução fora dos esquemas daqueles que ainda acreditam ser os “árbitros” coloca a interrogação do possível triunfo de um irracional que reconduziria a humanidade aos albores da civilização ou ao cáos. A Lua mudou de cara. O meigo irracional poético virou dura realidade científica, que convida o homem a procurar alhures sua poesia. Não na elocubração narcisística, não no virar e revirar mesquinhos problemas individuais, mas na avaliação di seu trabalho e das suas responsabilidades no deixar a “política” pelos estudos dos problemas humanos, no deixar a filantropia pelo reconhecimento dos direitos, na aquisição de uma base técnica que lhe permita dominar o mecanismo pôr êle mesmo criado e que ameaça destruí-lo. Como uma cobra que larga a velha pele êle procurará despir-se de sua “antiguidade”, para incorporá-la ao patrimônio da sua cultura, numa continuidade histórica nunca esquecida. E sôbre esta síntese, procurará
construir a sua nova humanidade e achar novamente a sua poesia."""
ob_dn7_olho_sobre_a_bahia,"""Ainda uma fotografia da Bahia. Ainda uma rua. Uma mulher que passa. A cidade filtrada através de uma balaustrada. A nossa reação não é uma reação romântica. Nem conservadorismo obtuso, de múmias. Nem anti-modernismo. Nem “reação”. Se algum resmungador do passado desfraldar a nossa bandeira para fins da mumificação, nós ficariamos profundamente ofendidos, se algum amante da côr local e do folclore barato se deslocasse ao nosso lado, seríamos obrigados a lhe pedir que nos deixasse sós. Somos modernos, as casas que construímos são bem da hoje, mas nós continuaremos publicando a Bahia, apontando os aspectos da Bahia, a fazer a “resistência” pela Bahia.
Quem agora vive nesta cidade não deve ser substituido pelos habitantes amorfos dos bairros surgidos sob a dura lei das especulações, como acontece em outras cidades do mundo, grandes ou pequenas. A urbanística e a arquitetura formam o homem que, por sua vez, as criou. Benvindas sejam as novas construções de materiais modernos, expressão da consciência coletiva e do respeito á humanidade, elas se integrarão perfeitamente á cidade, assim como ela é. As fotos que estamos publicando nesta secção, querem ser uma advertência contra os tumores arquitetônicos da irresponsabilidade e um documento de acusação para os futuros aproveitadores, Não cessaremos de bater sôbre este assunto."""
av_dn7_a_intolerancia,"""Bahia é uma cidade universitária, Bahia acredita na Universidade. Bahia respeita a Universidade.
Que os jovens consigam uma revista de literatura é importante: MAPA é uma revista universitária e a Universidade é a base para a cultura de um país. MAPA afirma em manter sobretudo “cada vez mais dura a sua intolerância”. E’ sôbre a intolerância da juventude que a cultura se constrói. Mas esta intolerância é extremamente acomodatícia, e se interessa pela Tarde e pelo Dia, mistura Saroyan, Camus, Elliot, Appollinaire e Ezra Pound e se ocupa dos encontros dos adolescentes com namoradas 1á levemente passadas.
Esta “dura intolerância” nos tinha levado a esperar por uma intolerância contra a cultura que não serve e não consola o homem, que despreza as miniaturas individoalistas. Tinha nos levado a esperar...
Será que a próxima vez?"""
av_dn7_antologia,"""‘Corretor de zoológico...“. ah! a sutileza dos que sabem descerrar sôbre a nudez fôrte da verdade o manto diáfano da fantasia! E quando a ilegalidade cái sôbre determinadas e inocentes profissões e profissionais se aferram, de corpo e alma aos seus deveres nada como as metáforas , as delicadas transformações que podem passar as expressões justas, sem perder de valor e de substância. „Corretor zoológico“... Que repressão pode sofrer quem se apresenta como „corretor de zoologico“ na hora delicada em que uma profissão está visada, inquietantemente visada? Corretor zoologico."""
av_dn7_documentos,"""Em 1918, reunia-se, pela primeira vez, o Comité da Bahia do Congresso de Americanistas. Era o momento azado para uma fotografia: sisudos cavalheiros, com seus fraques pesados, seus coletes brancos, seus correntões de ouro, em pôse solene enfrentando o pano negro e o magnésio do fotógrafo.
Se o leitor for um sessentão reconhecerá figuras das mais respeitáveis da vida bahiana e sentado, o primeiro á esquerda o sábio Teodoro Sampaio. Figuras da boa cêpa: uma bela gente numa bela fotografia que nos foi cedida, para publicação, pelo Instituto Histórico e Geográfico da Bahia."""
tp_dn8_arte_industrial,"""Faz-se hoje uma certa confusão entre artesanato, artesão, artista popular. Existe tôda uma literatura (não queríamos usar a palavra retórica) a êste respeito. O que é artesanato? A expressão de um tempo e de uma sociedade, um trabalhador que possui um capital mesmo modesto, que lhe permita trabalhar a matéria prima e vender o produto acabado, com lucro material e satisfação espiritual. sendo o objeto projetado e executado por êle mesmo. O que é artesão hoje? E’ um executor um especialista sem capital que enpresta o próprio serviço a quem a êle fornece a matéria prima, seja dono ou cliente, e recebe um salário em troca do próprio trabalho de execução. E’ o assim chamado proletário.
Qual seria a pergunta justa para uma válida resposta? Evidentemente a seguinte: existe uma razão eficiente que justifique as injeções oficiais a êste pseudo-artesanato? Evidentemente não. Porque nesse modo tira-se ao artesão a razão mesma de sua existência, quer dizer, a satisfação do poder criar o objeto artisticamente e ser materialmente o proprietário dêsse objeto e, em seguida, o seu vendedor. O problema urgente e gravissimo do conhecimeto do ofício e a satisfação moral derivada do trabalho são confundidas com o artesanato A Itália, a Espanha e Portugal distinguiram-se neste protecionismo paternalístico que originou os vários “pueblos” espanhóis e “Instituti d’arte artigianali”, verdadeiros museus de horrores e catálogos de espécies inomináveis. O problema é outro, E’ um problema urgente que deriva justamente do fim da era artesanal: a cisão entre técnico e operário executor.
O arquiteto que projeta um edifícil não convive com o pedreiro, o carpinteiro ou o ferreiro. O desenhista de objetos domésticos, com a ceramista, o vidraceiro. O desenhista de móveis com o marceneiro. Cada um por conta própria. O desenhista técnico tem complexo de inferioridade pela ausência de competência prática. O operário executor é aviltado pela falta de satisfação ética do próprio trabalho. O assunto central poderia ser colocado na base da colheita imediata de todo o material artesanal antigo e moderno existente em cada país, na criação de um grande museu vivo, um museu que poderia se chamar de Arte e Arte Industrial, e que constituisse a raiz da cultura histórico-popular do pais.
Este museu deveria ser completado por uma escola de arte industrial (arte no sentido de ofício, além de arte) que permitisse o contacto entre técnicos desenhistas e executores. Que expressasse, no sentido moderno, aquilo que foi o artesanato, preparando novas levas, não para futuras utopias, mas para a realidade que existe e que todos conhecem: o arquiteto de prancha que desconhece a realidade da obra, o operário que não sabe ler uma planta, o desenhista de móveis que projeta uma cadeira de madeira com as características do ferro, o tipógrafo que compõe mecanicamente sem conhecer as leis elementares da composição tipográfica e assim por diante. Os primeiro fora da realidade e dentro da teoria. Os outros, amargurados pelo trabalho mecânico de soldar uma peça, apertar uma porca, sem conhecer o fim do próprio trabalho.
Não queremos assim desvalorizar a obra de ajuda oficial a grupos artesanais. Essa ajuda é uma transição, uma fase de transição necessária, enquanto o artista popular é artista pura e simplesmente e não pode sofrer influências dirigidas.
A nossa é uma época coletiva Ao trabalho do artesão-dono substitui-se o trabalho de equipe e os homens têm que estar preparados para esta colaboração. Sem distinção hierárquica entre projetistas e executantes. Sómente assim, poder-se-á voltar á felicidade de uma participação moral a uma obra. Uma participação coletiva , não mais individual; o resultado técnico do artesanato dos nossos dias: a indústria.
Tentativa de compreensão"""
ob_dn8_olho_sobre_a_bahia,"""É Nazaré da Farinhas. Uma Bela arquitetura de Nazaré das Farinhas, centro de produção artesanal. Fala-se muito em artesanato, hoje, conceito perigoso que precisa ser enfrentado sem espirito romântico e sem conservadorismo, a todo preço. Para que se possa resolver o assunto é talvez necessário que surja uma “moral provisória”, uma espécie de ponte de ligação entre a produção familiar a mecanizada industrial. Precisa enfrentar o problema do chamado “impropriamente” artesanato com uma certa frieza econônica e social, deixando de lado o sentimentalismo pseudo-artístico, que, no campo artesanal, conduz ao “abôrto” (folclore tipo Espanha, e Itália, 1938). Manter de pé uma época històricamente superada e conservá-la sòmente nas suas aparências, é inútil e danoso. Precisa-se libertar os homens e não trazê-los prisioneiros, numa escravidão anti-histórica, em nome de uma literatura superada, E se os tempos mudarem...
Adeus, casa de farinha,
Adeus, banco de mandioca,
Adeus casa de farinha,
espremendo tapioca."""
av_dn8_resposta_mapa,"""Os jovens de MAPA ficaram magoados com nosso “grifo” de domingo. Mas nós
falamos da UNIVERSIDADE, como base da grande cultura (como foi a de Paris, Bolonha,
Padua, Montpellier) e não do “predio” da Universidade.
Da cultura que serve e da que não serve e que não consola a homem. Parece mesmo ter havido um equivoco de linguagem. Falamos nos termos de critica construtiva e não das “verbas”. Achamos nosso dever ético apontar o lado crítico perigosamente limitado, diríamos pequeno burguês de um certo tipo de cultura. A cultura do intelectual literato, sem finalidade a cultura que faliu em duas guerras mundiais e que se for mantida em vida, ainda nos levará a terceira E‘ a cultura anti-sputnik. Um conto, uma novela, que nos foi enviado certa vez, ilustrado com xilogravuras (Reserva com orientação tipográfica especificada), tem um conteúdo bem diferente da revista Importante é entender-se claramente”.(BERTHOLT BRECHT, “DER IASAGER”). Somente assim poder-se-á compreender se se combatendo do mesmo lado. _RED.
Ciente de que havia uma resposta ao nosso “grifo” de domingo, recusada por outro orgão de imprensa, solicitamos a sua publicação em nossa página. Como nos chegou tarde, vai publicada na segunda página do primeiro caderno dessa edição.
“Mapa” responde a “Intolerância”
Conforme está dito, na página “Crônicas”, publicamos abaixo o artigo do redator-fundador da revista “MAPA” solicitação do redator da pagina, que ciente de ter o referido artigo sido recusado, em outro jornal, nos pediu a acolhida para o mesmo, o que faremos.
Preliminarmente deixamos bem claro que MAPA não é uma revista universitária. Ela representa o erforço de um grupo jovem responsável, na Bahia, por importantes momentos de cultura. O fato do número três ter sido financiado pelo Reitor, tem importância relativa, porque o financiamento poderia ter sido outro, como atestam os primeiros números, editados com muita de nossas mesadas. E assim foi “A jogralesca”, teatralização poética nos seus cinco espetáculos, e a Editôra Macunaíma com as suas quatro edições . Para quem esta perfeitamente integrado nos meios culturais da Bahia, isto não é novidade e daí o pensarmos que a nota com o título de “intolerância”, publicada Domingo passado nesta página de artes foi mal inspirada,
intencional, procurando apenas extender (e de muito) as atribuições de quem não pode fazer critica de uma revista literária.
A nota insinua que a Bahia é a Universidade (sic)!. Podemos admitir isto até o ponto em que pensamos que:
I – O noticiarista é, possivelmente, funcionário da Universidade.
II – E’ grandioso o tratamento que o Reitor dispensa aos Cursos de Teatro, Música e Dansa, o que realmente impressiona os adventícios.
Mas, se formos analisar a situação das outras escolas da Universidade, onde falta quase tudo, não concordaremos com a definição dada: Bahia é Universidade. Depois, uma posição contra o que há de mal na Universidade é uma atitude simpática, progressista, digna, justa e honesta, na qual estamos e temos honra de estar. E saibam todos, de uma vez por todas, que nunca, a trôco de nada – e muito menos por um número de MAPA – deixaremos de reagir contra o erro. Na hora do “Abaixo” estaremos presente. Defenderemos com a mesma energia o fruto que for valioso. O segundo ponto da facciosa nota que não admitimos. É a declaração de que a “intolerancia de MAPA é a acomodaticia e ainda se preocupa pela Tarde e pelo Dia e pelas namoradas já levemente passadas.“Esclareçamos que “MAPA” – donde seu nome – é uma revista que congrega individualidades. Cada escritor tem sua estética, sua ideologia, sua religião. E a êles, e não à revista, cabe responder pelas coisas escritas.
Admito que a nota condene o poema “dia/tarde”, se o noticiarista conhece
profundamente a técnica e estética do poema concreto. E, Nêste caso, em vez de perder tempo com um poema realizado, o articulista deve escrever trabalhos contrários ao concretismo e envia-los para o suplemento Dominical do Jornal do Brasil, quartel general do movimento. Condenar inresponsávelmente um poema, é que não é admissível. Principalmente em nota não assinada.
Nessa infeliz investida contra MAPA, condenou-se ainda, parte dos trechos traduzidos, sob a alegação de que misturamos Saroyan, com Pound, Appolinaire e outros. Não houve mistura. Houve exposição Não temos culpa de que a articulista não tenha liquidificado e digerido tudo. Por isso a nota resultado da indigestão O que Camus (Premio Nobel) Hughes, Alberti, Eliott, Pound, Appolinaire representão no mundo atual da literatura é coisa que não pedemos ensinar em uma só oportunidade XXX
Sobre nossa intolerancia em literatura, contra a má literatura, podemos provar que ela existe (contra os falsos mitos, os medalhões, os “escritores” sem obras publicadas, e os “fantasmas”,) e isto pode ser observado com propria página que nos ataca, assim:
Nunca colaboramos nessa página, plasticamente bela, mas ruim de conteúdo Redigidas por estrangeiros, temos em matéria de lingua, um clandestino” terrivel. Aí é que a má literatura rumina uma estética ou conceitua, nesse tempo de Stanley Kubrick, “cinema como ultima forma de teatro de sombras”. Contra isso, nossa intolerancia.
Por isso não fomos ao encontro onde se´ramos convidados para prestigiar, escrevendo, na referida página. Tal convite foi feito a mim quando do julgamento do Salão Univer-tário, na presença do escultor amigo Mario Cravo que entra nesta estória como Pilatos no credo. Fomos tão intolerantes que nunca temos as legendas de fotografias, onde soubemos existir triste sub-poetividade.
Não lemos a lua em Mataripe. Bastou o clichê.
Adoramos a arquitetura colonial bahiana mas rimos das legendas feitas com profundo a apurado mau-gôsto literário Contra isso a nossa intolerância
Terminando, sei que a nota de ataque à nossa Revista foi puro vedetismo. Mas, como bom cristão que sou, satisfaço sua necessidade com essa resposta, nada acomodaticia, de minha inteira responsabilidade. Com toda a irreverencia de “Paulo Gil Soares”. (Redator fundador da revista MAPA).
“Condecoração” Composição de B.B."""
av_dn8_antologia,"""O documento abaixo toca num dos pontos capitais da sociedade contemporânea: a liberdade da mulher. Liberdade de corpo e de espírito. Autonomia de arvore que deseja permanecer de pé e não de arbusto rasteiro que precisa apoiar-se para sobreviver muitas vezes em ramos frágeis Oferecemos êste documento humano á fria meditação Não é fechando os olhos que se modificam as situações. Não é com falso pudor que se pode enfrentar problemas dos mais candentes da dignidade humana. E’ esta uma carta cheia de sofrimento, tôda ela apresentando um drama que o nosso tempo poderá transformar apenas num documento do passado. Por enquanto é bem presente, terrivelmente presente:"""
av_dn8_documentos,"""Se o leitor menos avisado julga a fotografia uma invenção dos nossos tempos e damos esta foto belíssima de um casal bahiano, tirada a um século quase, nesta Cidade do Salvador pois é ela datada de 1861. Senhor de engenho do Recôncavo vem á cidade para enfrentar corajosamente o fascínio da última novidade. A êsposa. bela morena, veste o seu mais rico vestido. é uma tarde de faceirice ante o espelho para que aparaça mais bela ainda. O marido está impávido. Tem que mandar cópias para os amigos, para a família e muitos vão ficar surpreendidos em ver no papel o casal. Cedo acustumarão, virão os pesados albuns de família e a foto com o tempo ficará apagada e chegará ao nosso tempo, noventa e sete anos depois para que possamos mostrá-la nesta edição de domingo.
Diz a dedicatória no verso da foto que o casal tem o maior prazer de mandar os “originais” no pequeno cartão. Uma maneira de gracejo, pois os originais desapareceram para sempre: a eternidade dos “originais” está realmente na foto esmaecida que o tempo estragou mas não matou Esta a eternidade neste recanto de uma página de jornal. Aqui, o tempo não conta."""
av_dn8_qual_dos_dois_voce_escolheria,"""Se você tiver que escolher uma escultura, qual dessas duas você escolheria? Faça o teste de sua cultura escultórica. Vire a página e achará o comentário sôbre a sua escolha.
Primeiro, não ria. A arte moderna tem o poder de fazer rir um adulto – as crianças nunca riem em face a Picasso. Se você escolheu esta escultura, talvez por snobismo ou contra a vontade, você está no bom caminho na cultura escultórica. Êste “Exú-molas-de-jipe”, de Mário Cravo, diz pra você que alguma coisa mudou na arte e na estática. O Mundo da bomba atôfica não se expressa com a Vênus de Milo. Um estudo um pouco mais aprofundado da crítica moderna o esclarecerá. E’ uma estátua grega. Não adianta escolhê-la, está no Louvre. Poderia escolher uma cópia em gesso, do tipo “belasartes” e neste caso estaria no mau caminho da cultura escultórica. Uma escultura assim hoje não se “escolhe”, mas se incorpora á cultura da história da Arte. Se a tiver escolhido “em gesso”, poderá colocá-la num chafariz ou ao pé da escada de sua casa que neste caso, necessáriamente , no estilo arquitetônico da “mansão"" do teste de duas semanas atrás."""
ob_dn9_olho_sobre_a_bahia,"""Há olhos e olhos. Olhos que sabem ver e olhos que não sabem ver. Procuramos apontar vários aspectos da Bahia: ruas, praças, igrejas barrôcas e arquiteturas comuns de cada dia e que, por isso, não deixam de ser menos interessantes. Aspectos que todos conhecem e que por ser de todos os dias não se “vêem” e desaparecem no cotidiano. A transformação contínua da vida e, por consequência, do urbanismo, fará desaparecer se não forem “olhadas” em tempo, obras e conjuntos arquitetônicos que poderiam ser salvos e integrados na cidade em desenvolvimento. Eis o sentido do nosso “ôlho” um “ôlho” arquitetônico e urbanístico, um “ôlho” técnico, mesmo que se expresse em linguagem comum."""
tp_dnarteseletras_tecnica_e_arte,"""A um jovem pintor concretista que, no Museu e Arte Moderna da Bahia, em frente aos painéis com diagrama de sinais Radar, perguntava por que chamamos nossa exposição de motores e peças eletrônicas “Desenho Concreto”, e a outro jovem que, sempre no museu, declarava estar “só pela técnica e não pela arte”, dedicamos esta nota. Queremos lembrar aqui Antonio Gramsci, que no livro Gli Intellettuali e organizzazione della cultura enfrentou com grande clareza, há mais de trinta anos, o problema do humanismo técnico.
O Museu de Arte Moderna quis apontar na exposição que chamou de Desenho Concreto¹ (não para ridicularizar os concretistas, mas para esclarecer uma terminologia) um assunto de atualidade no Brasil: o “esticamento” até nossos dias de alguns “ismos” e mais precisamente do concretismo. ² Os “ismos” foram, quarenta anos atrás, profecia duma era a vir, adivinhação duma nova cultura. A validade desses movimentos estava justamente nesta “adivinhação”, na “vanguarda” que via no futuro um contato entre ciência e arte. O entusiasmo pelo progresso científico e o desespero diante da perda irremediável dos valores sentimentais do humanismo literário informaram os “ismos”. Movimento hilandês De Stijl, encabeçado por Theo van Doesburg, que afirmou a necessidade dum futuro rigor, duma visão concreta da cultura tradicional, ridicularizando-a e responsabilizando-a pela eclosão da maior catástrofe histórica: a I Guerra Mundial.
Mas a realidade contemporânea anula qualquer posição de cientificismo romântico e de revolta. Não existe nem pode existir “rigor”, nem “estrutura” ou “lógica interna de desenvolvimento”, ³ em obras (Visuais) cujo problema de conteúdo e representação não corresponde a m problema real, mas apenas a um problema artificial, cuja arbitrária solução é dada a priori pelo próprio artista (não como solução mas apenas como título romântico-técnico). Os temas adivinhados por Maliévitch, Mondrian e Theo van Doesburg existem hoje na realidade. Reais enquanto a ciência parece se identificar com a arte na necessidade estética e emotiva necessária ao homem. Eis o problema apontado por alguns “ismos”. Este problema está hoje em nossa frente como realidade: a emoção da ciência traduzida em técnica pelo homem é a mesma comunicada por uma obra de arte. Equilíbrio, estrutura, rigor, aquele mundo outro que o homem não conhece, que a arte sugere, do qual o homem tem nostalgia. Assim a arte volta a identificar-se com a técnica como nos tempos primitivos, quando os conhecimentos eram ligados à magia, a um mundo sugerido, desconhecido e poético. A grande era humanístico-literária acabou. Velozmente os homens são arrastados pelo mecanismo por eles mesmos criado, e com um fator desconhecido às civilizações passadas, a capacidade crítica.
Um novo método se impõe, lúcido e seco. Na capacidade de aceitar ou renunciar, enfrentar e dominar os problemas está delineado o caráter da nova civilização. Problemas da arte também. Procurando compreender a dualidade ciência-arte que tende à fusão e à unificação, na formação do novo intelectual ciente dos novos problemas culturais, que condenam, seja o velho intelectualismo pernóstico-literário, seja o limitado positivismo científico. O novo humanismo tende à fusão, numa visão técnica do mundo, dos problemas culturais. Tende sobretudo a um processo de simplificação. Simplificação necessária ao enquadramento não somente técnica (que nos imediatos anteguerra e após-guerra tinha se tornado um círculo vicioso com os inúmeros detalhes e excesso de organização, que a reduziam a um, quase barroco, exemplo: os automóveis), mas da inteira vida humana. Neste sentido de síntese técnica-arte e neste processo de simplificação ser homem totalmente técnico ou totalmente estético, renovando assim a velha antítese: Ocidente-oriente do homem exclusivamente teórico: o ocidental; e homem exclusivamente estético: o oriental. É nesta capacidade de síntese que lembramos Antonio Gramsci."""
tp_dnarteseletras_museu_de_arte_moderna,"""A palavra museu é imprópria para definir hoje o organismo cultural a que se refere. Museu é, sobretudo, conservação, vitrina, salvar do tempo e do pó. É conservar, reunir, expor; nascido das coleções privadas do século XVIII, adquire sua máxima expressão no século XIX. O “museu” com os quadros em quatro fileiras, cheios de estátuas e de obras escolhidas segundo um critério não estritamente ortodoxo, o “museu-museu” é aquele que deu origem à expressão corrente “peça de museu” para definir uma coisa fora da vida, estática, que não vive mais. Tempo da sapiência e da especialização, empoeirado horror de visitas escolares, destinado à reverência e ao esquecimento. O que há em comum entre êste tipo de museu com o conceito moderno de museu? E por que êste novo acontecimento de cultura continua a chamar-se museu? As palavras mudam com o decorrer da vida e o seu significado estrito, sua aderência a um fato, e a palavra museu veio hoje a significar uma atividade viva da cultura inteirada de uma “conservação” de obras que não é mais conservação pura e simples, mas que assume um aspecto didático de “documentação”, uma ponte estendida entre o passado e o presente num único processo de continuidade histórica ou, como é o caso dos museus de arte moderna, de uma tomada de contacto “crítico” do desenvolver-se do processo artístico contemporâneo.
É importante a criação de um museu? Que lugar ocupa o museu na escala de necessidades de um país?
Primeiramente a casa, as estradas, os silos, o mercado, a escola, o centro de saúde, o plano urbanístico regional e cívico e, depois, o museu. O meu, segundo uma tradição ligada à concessão ocidental do “homem estético”, que é uma exceção na normalidade do “homem teórico” é o “suprassumo” destinado aos privilegiados capazes de compreendê-lo e frequentá-lo. A atmosfera de “elite” que rodeia ainda hoje o museu é devida a esta concessão partidário da arte, a esta não inclusão da necessidade artística entre as necessidades primárias do homem. Estar no ponto de participar de um processo artístico, de compreendê-lo, de criar-se uma própria riqueza espiritual não quer dizer que se seja Miguel Angelo ou Rafael, Picasso ou Leonardo, quer dizer apenas não se estar privado de uma das partes vitais da personalidade humana, não se ser diminuído em uma das mais completas manifestações humanas: a estética.
O museu, centro de expansão de arte, ponto de reunião de atividades estéticas, escola democrática apta a conservar no homem a necessidade estética que, viva incondicionadamente na infância, é sistematicamente sufocada e definitivamente suprimida no adulto, pelos métodos da chamada “cultura”, o museu é uma necessidade vital em um país: do Museu-Escola partirá a atenção para as coisas, o respeito por tudo que o homem representa, a sua “escala”, o seu “autêntico” humano fora do que é a metafísica indiferente, as situações que escapam das mãos, as místicas inúteis, as intoxicações, a guerra.
O Museu de Arte Moderna da Bahia, recém-nascido entre os museus brasileiros, tem o grande privilégio de poder fazer suas as experiências precedentes. No quadro da arte internacional (na formação da Pinacoteca como em sua atividade didática) o novo museu procurará valorizar ao máximo aquilo a que se poderia referir como “a verdade do país”, seus valores vitais, isto é a bela cultura brasileira, sem o que nenhuma contribuição viva e real poderá a arte brasileira dar ao “concerto” internacional da cultura. “Concêrto” formado pelo conjunto bem distinto e bem definido das culturas de vários países.
Situar desde o princípio estas bases de orientação significa definir, claramente, o rumo do novo Museu, que se esforçará para afastar-se o mais possível do cosmopolitismo incolor e “snob” da pseudo cultura moderna, para começar a agir construtivamente no novo mundo da verdadeira cultura moderna. Neste sentido o Museu de Arte Moderna da Bahia, que em breve publicará seu programa de atividades, procurará entrar, sem retórica, na vida do país. Procurará, acima de tudo, tornar-se uma necessidade."""
tp_dnarteeletras_francisco_brennand,"""O Brasil está conduzindo, hoje, a batalha da cultura. Nos próximos dez, talvez cinco, anos, o país terá traçado os seus esquemas culturais, estará fixado numa linha definitiva: ser um país de cultura autônoma, construída sôbre raizes próprias, ou ser um país inautêntico, com uma pseudo cultura de esquemas importados e ineficientes. Um “ersatz” da cultura de outros países. Um país apto a tomar parte ativa no concerto universal das culturas, ou um país saudoso de outros meios, mundos e climas.
O Brasil, hoje, está dividido em dois. O dos que querem estar a par, dos que olham constantemente para fora, procurando captar as últimas novidades para joíá-las, revestida de uma apressada camada nacional, no mercado da cultura, e o de que olham dentro de si e em volta dêles procurando, fatigadamente, nas poucas heranças duma terra nova e apaixonadamente amada, as raízes duma cultura ainda informe, para construí-la com uma seriedade que não admite sorrisos. Procura fatigada, nos emaranhados de heranças esnobisticamente desprezadas por uma crítica improvisada que as definem drasticamente regionalismo e folclore.
Este mundo de ansiosos, que procura, se reconhece logo: no ar acabrunhado, nas poucas palavras, na capacidade de trabalho e na timidez. Uma timidez que é uma revolta contra outras seguranças, outras alegrias e outras foquacidades. É uma aristocracia ligada ao mundo popular, a civilizações do litoral ou do sertão, uma inteligência camponesa e artesanal que procura na terra e na condição humana a sua expressão. A palavra “artesanal” provoca, em quem não tenha bem claros a testura da sociedade contemporânea e os esquemas de desenvoivimento e produção industrial modernos, uma revolta, quando não um sentido de diminuição, que pode ser resumido na expressão: “artesanato-antigo”, “indústria-moderno”; “artesanato-inferior', “indústria-superior”. Não existe, na realidade, diferença, hoje. O século XIX viu na máquina uma inimiga. O entusiasmo romântico-maquinístico do começo do século XX viu no artesanato uma forma superada. Na máquina que produz o objeto padrão, pensado e desenhado num sentido de “artesanato-industrial”, está a verdadeira síntese da arte aplicada moderna, o seu ponto final. A polêmica artesanato-indústria é estéril e inútil no campo da projetacão, e da invenção. Subsiste no campo sociológico contingente: na conversão do artesanato para a pequena indústria e grande indústria. O moderno produto industrial poder-se-ia hoje, definir como “artesanato-coletivizado”. O que no artesanato existiu de positivo: o objeto cuidado, pensado, ligado ao homem, volta hoje a ser a base do moderno desenho industrial. A estrutura social que o produz apenas mudou, como mudou o meio produção. A máquina substituiu a mão, mas a estrutura “ética” e “estética” do objeto subsiste.
Francisco Brennand pertence a aristocracia do popular, ao mundo da procura. A sua pintura desenhada, lisa e despida foi julgada primitiva numa grande exposição internacional sulina, e figurou entre os ingênuos; fala disso com simplicidade, com uma ponta de ironia. Ligado a uma grande indústria, prêso a uma realidade de cada dia, não pode deixar de transmitir esta realidade à sua produção. Sua cerâmica simplificada: pratos e placas alinhados no chão e nas mesas da grande e velha casa do engenho São João, em Pernambuco, transmitem um sentido de austeridade medieval. Sentido estranho, quase inoportuno numa terra tão longe dessa atmosfera. De repente, no verde das plantas, nos animais lentos, na paisagem, êste estranho sentido de idade média teve de marcante: a medida humana, o trabalho, a natureza perto dos homens. E a sensação de estranheza deixa lugar a simples verdade da natureza tropical e dos homens nela.
A cerâmica de Brennand é importante. Por esta procura de simplificação aristocrática e popular, concretizada numa técnica séria. Pratos e placas. Grandes pratos e placas, ainda peças únicas; para ser penduradas ou incorporadas às paredes.
A ligação de Brennand com a indústria não o levou ainda à procura de formas, à transferência de sua sensibilidade aristocrática e camponesa na produção do objeto que acompanha o homem na vida de cada dia, como as grandes civilizações orientais o fizeram. Mas Brennand chegará a isso; é um processo fatal. Vamos expor no MAMB, aqui, na Bahia, as placas cerâmicas, Colocar os grandes pratos vegetais em simples mesas de madeira. Não por acaso Brennand, num catálogo duma exposição, citou o grande mestre do “Werkbund”, o arquiteto Henry Van de Velde, criador do moderno desenho industrial. E ainda com as palavras dele queremos acabar esta nota; são a síntese duma perfeita intuição do rumo da arte moderna: “E o espetáculo da natureza completa a lição da história”."""
tb_dnarteseletras_exposicao_didatica_no_mamb,"""Nada se sabe sobre os mistérios das origens. A arqueologia descobriu os primeiros vestígios do homem na terra e o imagina caçando, se defendendo contra os animais que mata ou procura domesticar, fabricando utensílios de pedra, depois amuletos sugeridos pelas superstições. Nas cavernas onde primeiramente êle mora, o homem grava histórias de caça, começando assim a história da pintura. São dezenas de milhares de anos, divididos em Eras. Durante todo esse tempo ao que nós chamamos da “Criação” até a data incerta do início da história, o homem organizou sua vida material. Quando à espiritual, êle se agita numa confusão de ideias que o natural instinto pelas fantasias multiplica criando mitos e mitos, irracionais e poéticos, dos quais procuramos as explicações. Os únicos vestígios que ficaram são os ídolos e os grafitos. O mundo mágico evidentemente completo nas várias evoluções, é mesclado devido às migrações, às guerras entre tribos, à consolidação dos povos e ao estabelecimento das leis. Continuadores da pré-história são os povos primitivos, que ainda hoje encontramos em algumas regiões africanas, americanas e oceânicas.
A vida dos homens se desenvolveu por inúmeros milênios: primeiro numa caverna nua na montanha, depois em abrigo de pedra, de barro, de galhos de árvore, e pouco a pouco em tugúrios mais complexos, mas sempre primitivos. O caminho da arquitetura é o caminho da vida humana, desenhando, pintando, esculpindo. O homem pré-histórico manifesta a sua constituição diferente da dos animais. Nenhum animal fez isto, ao passo que o homem desenha e esculpe desde o seu primeiro aparecimento. Desenha os animais que o cerca: A rena, o bisão. Representa cenas da vida coletiva: a pesca, a caça e talvez a dança e os ritos religiosos. Desde o primeiro utensílio, cunha em forma de amêndoa, lentamente. Nos milênios pré-históricos, se constroem outros utensílios. Talvez o arado já fosse conhecido. Forma-se nesta época obscura a família. O instinto sexual se desencadeia, como documentam as inúmeras esculturas representando Vênus. Começam a sepultar os mortos. Enfim, o último passo para a história é brilhar na mente do “homo primogenius” o fogo, a roda, a veia: inicia-se a civilização dos homens: afirma-se sôbre o “homo sapiens”."""
tp_jb_o_baiano_e_o_museu,"""- Arquiteta italiana que dirige o nosso Museu de Arte Moderna, D. Lina Bo Bardi, acredita que da Bahia poderá sair o movimento brasileiro de exportação de arte, que falhou no Rio e em S. Paulo.
- Admira a boa vontade e habilidade do operário baiano. Armaram a atual exposição em 25 dias, o que é um recorde.

SENSIBILIDADE BAIANA
SEGURANDO as malêtas contendo suas ferramentas êles iam de Degas a Antonio Bandeira, Mario Cravo e Portíinari. Olhavam muito para tudo, e talvez mais ainda para a moça morena de Di Cavalcanti. O trabalho na obra terminara às 5, e antes de voltarem para suas casas; escolheram ir vêr a exposicão do MAMB. Entram com certo respeito de quem entra na igreja, de chapeu na mão. Comentam pouco e reparam muito.
Crianças, funcionárias, donas de casa, operárias, brôtos e grã-finas, sucedem-se diante das graciosas bailarinas de Degas, e vão seguindo, apreciando cada quadro, cada escultura.
	D. Lina Bardi, que com sua experiência de Rio e São Paulo, pensou que a exibição não aguentasse 7 dias, e vê tamanha afluencia já na 3.º semana, se entusiasma diante do que chama “a grande sensibilidade do baiano para as coisas de arte”. E fala da sua esperança em se conseguir aqui o que ainda não se conseguiu no Sul do país, isto é, criar uma arte brasileira, autêntica, sem imitação europeia; uma arte brasileira que exporte, como acontece com a nossa arquitetura, hoje famosa no mundo inteiro. E conta do que já fez do MAMB e de seus planos futuros, deixando-nos entrever o que representa para a Bahia no setor artes plásticas a criação do mesmo.

	AQUI HÁ AMBIENTE
Vim dar um curso na Universidade da Bahia, Faculdade de Arquitetura, no ano passado, e tive oportunidade de verificar o ambiente aqui, o mais interessante do Brasil para o movimento artístico semelhante ao de certas cidades na Europa, o que não sucede no Rio e em São Paulo, onde êstes movimento não é de ambiente popular. Como trabalhei 12 anos no Museu de Arte Moderna de São Paulo, onde não deu esse resultado que aqui nos primeiros meses já apresenta, porque havia notado essa receptividade do povo baiano quis tentar aqui o que não consegui em São Paulo. Eu pensei que esta exposição não aguentasse 7 dias. Hoje você vê, depois de mais de 20 dias, como ainda está sendo enormemente visitada. E note que não existe aqui aquela outra coisa de lá que revolta: o ar de superioridade e os risos da burguesia quando olham obras que não entendem. Dá prazer ver como o baiano de todas as camadas olha com curiosidade e respeito todos estes quadros, gostem ou não. Explica-se: a Bahia é a única cidade do Brasil que tem tradição cultural. Aqui há ambiente, há uma sensibilidade mais apurada para os problemas da arte.

CURSO ESPECIAL
Não temos ainda uma pinacoteca, que tem de se formar devagar. As esculturas de Degas são emprestadas, e vou vêr se consigo outro empréstimo para mostrar ao público que está tão interessado. Teremos sempre pequenas exposições temporárias como esta de Bandeira (a próxima será de Tanaka), e pretendo fazer duas ou três grandes exposições internacionais. As escolas do museu começarão a funcionar em abril. Além dos cursos regulares sôbre arte, pretendemos formar um curso especial para crianças, que acreditamos de muita importância para a arte baiana e brasileira. O museu abranje hoje todos os lados da arte: música, teatro, cinema, trajes. Penso em fazer uma exposição de trajes com desfile de modas.

O SUL FALHOU
O principal objetivo todavia é desenvolver o movimento artístico, para vêr se se cria o movimento brasileiro de exportação de arte, que até hoje não se criou. Do Sul, não saiu nada. Nas exposições internacionais mais importantes, mesmo nas bienais, os trabalhos brasileiros que apresentam como novidades são coisas copiadas da Europa de 30 ou 40 anos atrás. Os concretistas, que se acham muito modernos, estão num atraso de 40 anos. É impossível que um país com um substrato tão profundo como o Brasil, não tenha uma arte sua, de exportação, como tem a arquitetura, e como é o caso da pintura mexicana. A arquitetura saiu, criou fama, provoca discussões. As artes plásticas não provocam nada. Existem bons artistas brasileiros, avulsos. São de um nível decente, mas não despertam interesse em países como Itália, França ou mesmo Estados Unidos. E depois não exprimem o espírito do Brasil moderno. Bandeira é um dos poucos que retrata êste espírito, e porisso têve sucesso na Europa.

TEMPO RECORDE
A instalação é provisória e naturalmente como o prédio foi feito para teatro e não para museu, não é adequada, (é muito quente e dentro de pouco tempo os quadros estragam), embora o lugar seja muito bonito e fácil de se expor nele. Eu tudo isto sozinha, em 25 dias. Encontrei uma colaboração maravilhosa da parte dos operários, e daqueles que trabalham comigo, colaboração fantástica mesmo. Um operário sozinho fez as cortinas, e assim por diante. Além de habilidosos, são de uma boa vontade extraordinária. Eu nunca tinha encontrado nada igual.

O POVO É CURIOSO
Estou muito contente em vêr o entusiasmo do povo. Em São Paulo, depois de 12 anos, via sempre no museu as mesmas caras. Aqui êle está sendo frequentado pelo povo. O povo da Bahia é curioso, e a curiosidade é a mola de tudo. No Sul eles estão absorvidos pelas televisões e outras coisas, não há tempo para um pouco de arte."""
jb_lina_bardi_ve_cultura_baiana_descaracterizada,"""“A Bahia perdeu a ocasião para ser o verdadeiro centro de cultura do País”, disse a arquiteta Lina Bo Bardi, fundadora e ex-diretora do Museu de Arte Moderna da Bahia e do Museu de Arte Popular, de passagem por Salvador e ao retomar contato com os diversos problemas culturais e urbanísticos da Cidade.
“Perdeu marcos importantes, desde a organização universitária até as pesquisas sócio-antropológicas no campo da arte. O que existe hoje é um folclore deteriorado, uma aparência de desenvolvimento que não passa de inchação cultural”, acrescentou.
RECOMEÇO
“A nova geração, prosseguiu a sra. Lina Bardi, precisa começar tudo de novo, depois de uma limpeza geral, e a tomada de consciência dos valores culturais válidos de um passado recente, no campo da arte, está claro”.
“Precisa que a desunião das forças positivas não permita o acesso ao poder de decisão da incompetência e da irresponsabilidade”.
Sobre a Cidade disse a sra. Lina Bardi que “a Bahia da classe média está seguindo o mesmo perigoso caminho de outras cidades brasileiras, especialmente São Paulo: falta de um plano diretor; entrega desordenada e total à especulação financeira sem preocupação pelos gravíssimos problemas sociais; ausencia da intervenção de arquitetos e urbanistas no desenvolvimento dos trabalhos.
INDUSTRIALIZAÇÃO
“A Bahia bem ou mal industrializou-se. É um processo irreversível e aquilo que culturalmente teria sido possível 12 anos atrás, isto é a passagem gradual do processo industrial com as características culturais do País não é mais possível hoje. Alguns aspectos do corpo social nordestino acabaram de morrer, Conserva-los hoje seria folclore e no campo do artesanato – lembrança para turistas – dado que um verdadeiro artesanato nunca existiu no Brasil, e no Nordeste existe apenas um pre-artesanato que poderia ter sido importante se aproveitado em tempo no quadro cultural brasileiro”.
A sra. Lina Bardi acaba de montar no Museu de Arte de São Paulo uma exposição de trabalhos das tecedeiras do Triângulo Mineiro, e para caracterizar a sua posição frente aquilo que paternalisticamente se chama “artesanato” e “folclore”, citou o seguinte trecho da sua apresentação para a exposição:
“Uma pequena contribuição à grande tomada de consciência coletiva que transcende as fronteiras nacionais para entrar no debate internacional que denuncia a perversidade de um sistema que acreditou no “industrial design”, como força purificante e sabe que não pode voltar à apologia de Ruskin e Morris. Uma procura artística a nível antropológico, uma autocrítica a nível coletivo. Um depoimento sem pieguice e falso populismo. Um contra-artesanato ciente de todas as possíveis mudanças, marcado pelo esforço humano”.
PASSAGEM
A arquiteta Lina Bo Bardi, que de 1959 a 63 trabalhou na Bahia instalando e dirigindo o Museu de Arte Moderna e o Museu de Arte Popular do Unhão, passou por Salvador acompanhado dois arquitetos marroquinos, Assan Ababou, Ministro da Cultura do Marrocos e Helie Azagury. Naquele país africano a sra. Lina Bardi realizou recentemente alguns projetos. Aqui, em companhia do Prof, Vivaldo Costa Lima visitou as obras de restauração do Pelourinho e as instalações da Fundação do Patrimônio Artístico e Cultural da Bahia."""
